min_x,min_y,min_z,max_x,max_y,max_z
3.9e-05,-1.4574,-1.31098,0.200553,2.04903,1.31595
