min_x,min_y,min_z,max_x,max_y,max_z
2.5e-05,-1.45549,-1.01636,0.200539,1.9106,0.724178
