min_x,min_y,min_z,max_x,max_y,max_z
-0.111844,-2.40212,-1.16375,0.08867,2.29217,1.16383
